wav,burst_idx,step_type,step,line_snr_before,line_snr_after,delta
260511_091230.wav,0,signal,1,7.194,2.255,-4.939
260511_091230.wav,0,signal,2,2.255,4.743,+2.488
260511_091230.wav,0,signal,3,4.743,3.191,-1.552
260511_091230.wav,0,signal,4,3.191,3.294,+0.103
260511_091230.wav,0,signal,5,3.294,2.436,-0.858
260511_091230.wav,0,signal,6,2.436,2.320,-0.116
260511_091230.wav,0,signal,7,2.320,2.598,+0.277
260511_091230.wav,0,noise,1,7.194,5.926,-1.268
260511_091230.wav,0,noise,2,7.194,5.420,-1.774
260511_091230.wav,0,noise,3,7.194,4.882,-2.312
260511_091230.wav,0,noise,4,7.194,5.754,-1.440
260511_091230.wav,0,noise,5,7.194,6.064,-1.130
260511_091230.wav,0,noise,6,7.194,5.108,-2.086
260511_091230.wav,0,noise,7,7.194,4.382,-2.813
260511_091230.wav,0,noise,8,7.194,5.080,-2.114
260511_091230.wav,0,noise,9,7.194,5.833,-1.361
260511_091230.wav,0,noise,10,7.194,4.904,-2.290
260511_091230.wav,0,noise,11,7.194,4.952,-2.243
260511_091230.wav,0,noise,12,7.194,4.811,-2.383
260511_091230.wav,0,noise,13,7.194,5.807,-1.387
260511_091230.wav,0,noise,14,7.194,5.370,-1.825
260511_091230.wav,0,noise,15,7.194,5.705,-1.489
260511_091230.wav,0,noise,16,7.194,4.776,-2.418
260511_091230.wav,0,noise,17,7.194,5.679,-1.516
260511_091230.wav,0,noise,18,7.194,4.703,-2.491
260511_091230.wav,0,noise,19,7.194,5.284,-1.910
260511_091230.wav,0,noise,20,7.194,5.057,-2.137
260511_103930.wav,3,signal,1,3.054,3.435,+0.382
260511_103930.wav,3,signal,2,3.435,2.671,-0.764
260511_103930.wav,3,signal,3,2.671,2.729,+0.058
260511_103930.wav,3,noise,1,3.054,2.445,-0.609
260511_103930.wav,3,noise,2,3.054,2.619,-0.435
260511_103930.wav,3,noise,3,3.054,3.130,+0.077
260511_103930.wav,3,noise,4,3.054,2.495,-0.558
260511_103930.wav,3,noise,5,3.054,2.072,-0.981
260511_103930.wav,3,noise,6,3.054,2.250,-0.803
260511_103930.wav,3,noise,7,3.054,2.882,-0.172
260511_103930.wav,3,noise,8,3.054,3.306,+0.252
260511_103930.wav,3,noise,9,3.054,2.428,-0.625
260511_103930.wav,3,noise,10,3.054,3.030,-0.023
260511_103930.wav,3,noise,11,3.054,3.042,-0.011
260511_103930.wav,3,noise,12,3.054,2.476,-0.578
260511_103930.wav,3,noise,13,3.054,3.301,+0.248
260511_103930.wav,3,noise,14,3.054,4.232,+1.179
260511_103930.wav,3,noise,15,3.054,2.663,-0.390
260511_103930.wav,3,noise,16,3.054,2.140,-0.914
260511_103930.wav,3,noise,17,3.054,3.304,+0.250
260511_103930.wav,3,noise,18,3.054,2.713,-0.341
260511_103930.wav,3,noise,19,3.054,3.139,+0.086
260511_103930.wav,3,noise,20,3.054,2.658,-0.396
260511_103930.wav,4,signal,1,3.576,2.807,-0.769
260511_103930.wav,4,signal,2,2.807,2.126,-0.681
260511_103930.wav,4,signal,3,2.126,3.072,+0.946
260511_103930.wav,4,signal,4,3.072,2.977,-0.095
260511_103930.wav,4,signal,5,2.977,2.487,-0.490
260511_103930.wav,4,signal,6,2.487,3.042,+0.555
260511_103930.wav,4,signal,7,3.042,2.284,-0.758
260511_103930.wav,4,signal,8,2.284,2.993,+0.709
260511_103930.wav,4,noise,1,3.576,3.016,-0.561
260511_103930.wav,4,noise,2,3.576,3.303,-0.273
260511_103930.wav,4,noise,3,3.576,4.019,+0.442
260511_103930.wav,4,noise,4,3.576,3.073,-0.504
260511_103930.wav,4,noise,5,3.576,1.813,-1.763
260511_103930.wav,4,noise,6,3.576,2.908,-0.668
260511_103930.wav,4,noise,7,3.576,2.776,-0.800
260511_103930.wav,4,noise,8,3.576,3.012,-0.564
260511_103930.wav,4,noise,9,3.576,2.323,-1.253
260511_103930.wav,4,noise,10,3.576,4.136,+0.560
260511_103930.wav,4,noise,11,3.576,2.108,-1.468
260511_103930.wav,4,noise,12,3.576,2.943,-0.634
260511_103930.wav,4,noise,13,3.576,3.552,-0.025
260511_103930.wav,4,noise,14,3.576,2.612,-0.964
260511_103930.wav,4,noise,15,3.576,3.013,-0.563
260511_103930.wav,4,noise,16,3.576,2.750,-0.826
260511_103930.wav,4,noise,17,3.576,2.721,-0.855
260511_103930.wav,4,noise,18,3.576,2.948,-0.629
260511_103930.wav,4,noise,19,3.576,2.077,-1.500
260511_103930.wav,4,noise,20,3.576,2.569,-1.008
260511_103930.wav,5,signal,1,4.276,3.759,-0.518
260511_103930.wav,5,signal,2,3.759,2.807,-0.952
260511_103930.wav,5,signal,3,2.807,3.296,+0.489
260511_103930.wav,5,signal,4,3.296,3.142,-0.153
260511_103930.wav,5,signal,5,3.142,3.056,-0.087
260511_103930.wav,5,noise,1,4.276,2.761,-1.515
260511_103930.wav,5,noise,2,4.276,2.692,-1.585
260511_103930.wav,5,noise,3,4.276,3.122,-1.155
260511_103930.wav,5,noise,4,4.276,3.925,-0.351
260511_103930.wav,5,noise,5,4.276,3.774,-0.503
260511_103930.wav,5,noise,6,4.276,3.963,-0.313
260511_103930.wav,5,noise,7,4.276,3.234,-1.042
260511_103930.wav,5,noise,8,4.276,3.121,-1.156
260511_103930.wav,5,noise,9,4.276,4.171,-0.106
260511_103930.wav,5,noise,10,4.276,2.997,-1.280
260511_103930.wav,5,noise,11,4.276,2.654,-1.622
260511_103930.wav,5,noise,12,4.276,3.056,-1.220
260511_103930.wav,5,noise,13,4.276,2.517,-1.760
260511_103930.wav,5,noise,14,4.276,4.324,+0.047
260511_103930.wav,5,noise,15,4.276,4.720,+0.444
260511_103930.wav,5,noise,16,4.276,3.720,-0.556
260511_103930.wav,5,noise,17,4.276,2.886,-1.390
260511_103930.wav,5,noise,18,4.276,3.385,-0.891
260511_103930.wav,5,noise,19,4.276,2.855,-1.421
260511_103930.wav,5,noise,20,4.276,4.750,+0.474
260511_104030.wav,0,signal,1,3.741,3.265,-0.476
260511_104030.wav,0,signal,2,3.265,3.853,+0.588
260511_104030.wav,0,signal,3,3.853,2.897,-0.956
260511_104030.wav,0,noise,1,3.741,3.363,-0.378
260511_104030.wav,0,noise,2,3.741,3.486,-0.254
260511_104030.wav,0,noise,3,3.741,4.139,+0.399
260511_104030.wav,0,noise,4,3.741,3.485,-0.256
260511_104030.wav,0,noise,5,3.741,3.051,-0.690
260511_104030.wav,0,noise,6,3.741,3.426,-0.315
260511_104030.wav,0,noise,7,3.741,2.518,-1.223
260511_104030.wav,0,noise,8,3.741,2.375,-1.366
260511_104030.wav,0,noise,9,3.741,3.527,-0.214
260511_104030.wav,0,noise,10,3.741,3.077,-0.664
260511_104030.wav,0,noise,11,3.741,3.729,-0.012
260511_104030.wav,0,noise,12,3.741,2.887,-0.854
260511_104030.wav,0,noise,13,3.741,2.988,-0.753
260511_104030.wav,0,noise,14,3.741,3.395,-0.345
260511_104030.wav,0,noise,15,3.741,2.937,-0.804
260511_104030.wav,0,noise,16,3.741,3.048,-0.692
260511_104030.wav,0,noise,17,3.741,2.917,-0.824
260511_104030.wav,0,noise,18,3.741,3.411,-0.330
260511_104030.wav,0,noise,19,3.741,3.220,-0.521
260511_104030.wav,0,noise,20,3.741,2.654,-1.087
260511_104130.wav,4,signal,1,2.506,2.999,+0.494
260511_104130.wav,4,signal,2,2.999,3.925,+0.925
260511_104130.wav,4,signal,3,3.925,3.908,-0.017
260511_104130.wav,4,noise,1,2.506,2.080,-0.426
260511_104130.wav,4,noise,2,2.506,2.664,+0.158
260511_104130.wav,4,noise,3,2.506,2.811,+0.305
260511_104130.wav,4,noise,4,2.506,3.289,+0.784
260511_104130.wav,4,noise,5,2.506,2.659,+0.153
260511_104130.wav,4,noise,6,2.506,2.476,-0.030
260511_104130.wav,4,noise,7,2.506,2.572,+0.066
260511_104130.wav,4,noise,8,2.506,2.540,+0.035
260511_104130.wav,4,noise,9,2.506,2.673,+0.167
260511_104130.wav,4,noise,10,2.506,2.588,+0.082
260511_104130.wav,4,noise,11,2.506,2.573,+0.067
260511_104130.wav,4,noise,12,2.506,3.087,+0.581
260511_104130.wav,4,noise,13,2.506,2.309,-0.197
260511_104130.wav,4,noise,14,2.506,2.431,-0.074
260511_104130.wav,4,noise,15,2.506,1.970,-0.536
260511_104130.wav,4,noise,16,2.506,3.336,+0.830
260511_104130.wav,4,noise,17,2.506,2.827,+0.321
260511_104130.wav,4,noise,18,2.506,3.044,+0.539
260511_104130.wav,4,noise,19,2.506,2.507,+0.001
260511_104130.wav,4,noise,20,2.506,2.886,+0.380
260511_104300.wav,0,signal,1,2.562,2.950,+0.389
260511_104300.wav,0,signal,2,2.950,1.824,-1.126
260511_104300.wav,0,signal,3,1.824,1.796,-0.029
260511_104300.wav,0,signal,4,1.796,2.118,+0.322
260511_104300.wav,0,signal,5,2.118,2.127,+0.010
260511_104300.wav,0,signal,6,2.127,2.217,+0.090
260511_104300.wav,0,signal,7,2.217,2.969,+0.752
260511_104300.wav,0,signal,8,2.969,2.224,-0.746
260511_104300.wav,0,noise,1,2.562,3.325,+0.764
260511_104300.wav,0,noise,2,2.562,2.547,-0.015
260511_104300.wav,0,noise,3,2.562,2.751,+0.190
260511_104300.wav,0,noise,4,2.562,2.814,+0.252
260511_104300.wav,0,noise,5,2.562,2.542,-0.020
260511_104300.wav,0,noise,6,2.562,3.210,+0.648
260511_104300.wav,0,noise,7,2.562,2.558,-0.004
260511_104300.wav,0,noise,8,2.562,3.024,+0.462
260511_104300.wav,0,noise,9,2.562,2.306,-0.256
260511_104300.wav,0,noise,10,2.562,2.333,-0.228
260511_104300.wav,0,noise,11,2.562,2.196,-0.365
260511_104300.wav,0,noise,12,2.562,2.789,+0.227
260511_104300.wav,0,noise,13,2.562,3.215,+0.653
260511_104300.wav,0,noise,14,2.562,2.272,-0.289
260511_104300.wav,0,noise,15,2.562,3.103,+0.542
260511_104300.wav,0,noise,16,2.562,2.986,+0.424
260511_104300.wav,0,noise,17,2.562,2.647,+0.086
260511_104300.wav,0,noise,18,2.562,2.693,+0.131
260511_104300.wav,0,noise,19,2.562,2.580,+0.018
260511_104300.wav,0,noise,20,2.562,2.312,-0.249
260511_105800.wav,1,signal,1,2.299,2.430,+0.131
260511_105800.wav,1,signal,2,2.430,2.569,+0.139
260511_105800.wav,1,signal,3,2.569,2.317,-0.252
260511_105800.wav,1,noise,1,2.299,2.501,+0.203
260511_105800.wav,1,noise,2,2.299,2.343,+0.044
260511_105800.wav,1,noise,3,2.299,2.200,-0.098
260511_105800.wav,1,noise,4,2.299,2.488,+0.190
260511_105800.wav,1,noise,5,2.299,2.254,-0.045
260511_105800.wav,1,noise,6,2.299,3.045,+0.746
260511_105800.wav,1,noise,7,2.299,2.044,-0.254
260511_105800.wav,1,noise,8,2.299,2.084,-0.214
260511_105800.wav,1,noise,9,2.299,2.383,+0.085
260511_105800.wav,1,noise,10,2.299,2.631,+0.332
260511_105800.wav,1,noise,11,2.299,1.484,-0.815
260511_105800.wav,1,noise,12,2.299,2.551,+0.252
260511_105800.wav,1,noise,13,2.299,2.388,+0.090
260511_105800.wav,1,noise,14,2.299,2.041,-0.258
260511_105800.wav,1,noise,15,2.299,2.423,+0.124
260511_105800.wav,1,noise,16,2.299,2.472,+0.173
260511_105800.wav,1,noise,17,2.299,1.941,-0.357
260511_105800.wav,1,noise,18,2.299,2.075,-0.223
260511_105800.wav,1,noise,19,2.299,2.368,+0.069
260511_105800.wav,1,noise,20,2.299,2.299,+0.000
260511_111530.wav,17,signal,1,4.746,4.908,+0.162
260511_111530.wav,17,signal,2,4.908,4.500,-0.408
260511_111530.wav,17,signal,3,4.500,3.921,-0.578
260511_111530.wav,17,signal,4,3.921,4.392,+0.470
260511_111530.wav,17,signal,5,4.392,2.810,-1.581
260511_111530.wav,17,signal,6,2.810,3.069,+0.259
260511_111530.wav,17,signal,7,3.069,4.439,+1.369
260511_111530.wav,17,signal,8,4.439,4.212,-0.226
260511_111530.wav,17,noise,1,4.746,4.548,-0.198
260511_111530.wav,17,noise,2,4.746,4.226,-0.520
260511_111530.wav,17,noise,3,4.746,4.546,-0.201
260511_111530.wav,17,noise,4,4.746,5.251,+0.505
260511_111530.wav,17,noise,5,4.746,3.257,-1.490
260511_111530.wav,17,noise,6,4.746,5.025,+0.278
260511_111530.wav,17,noise,7,4.746,4.734,-0.013
260511_111530.wav,17,noise,8,4.746,3.626,-1.120
260511_111530.wav,17,noise,9,4.746,4.343,-0.403
260511_111530.wav,17,noise,10,4.746,4.724,-0.022
260511_111530.wav,17,noise,11,4.746,3.884,-0.862
260511_111530.wav,17,noise,12,4.746,4.354,-0.392
260511_111530.wav,17,noise,13,4.746,3.905,-0.842
260511_111530.wav,17,noise,14,4.746,4.507,-0.239
260511_111530.wav,17,noise,15,4.746,4.591,-0.155
260511_111530.wav,17,noise,16,4.746,4.718,-0.028
260511_111530.wav,17,noise,17,4.746,4.979,+0.233
260511_111530.wav,17,noise,18,4.746,4.297,-0.450
260511_111530.wav,17,noise,19,4.746,4.006,-0.740
260511_111530.wav,17,noise,20,4.746,4.449,-0.298
260511_111530.wav,18,signal,1,4.944,5.650,+0.705
260511_111530.wav,18,signal,2,5.650,4.653,-0.996
260511_111530.wav,18,signal,3,4.653,2.060,-2.593
260511_111530.wav,18,signal,4,2.060,4.552,+2.492
260511_111530.wav,18,signal,5,4.552,4.651,+0.099
260511_111530.wav,18,noise,1,4.944,4.567,-0.377
260511_111530.wav,18,noise,2,4.944,5.655,+0.711
260511_111530.wav,18,noise,3,4.944,4.334,-0.611
260511_111530.wav,18,noise,4,4.944,5.053,+0.108
260511_111530.wav,18,noise,5,4.944,3.681,-1.263
260511_111530.wav,18,noise,6,4.944,4.358,-0.587
260511_111530.wav,18,noise,7,4.944,4.897,-0.047
260511_111530.wav,18,noise,8,4.944,4.639,-0.305
260511_111530.wav,18,noise,9,4.944,5.090,+0.146
260511_111530.wav,18,noise,10,4.944,3.900,-1.044
260511_111530.wav,18,noise,11,4.944,4.252,-0.693
260511_111530.wav,18,noise,12,4.944,4.436,-0.508
260511_111530.wav,18,noise,13,4.944,4.820,-0.124
260511_111530.wav,18,noise,14,4.944,3.274,-1.671
260511_111530.wav,18,noise,15,4.944,4.276,-0.668
260511_111530.wav,18,noise,16,4.944,2.863,-2.081
260511_111530.wav,18,noise,17,4.944,3.887,-1.058
260511_111530.wav,18,noise,18,4.944,3.119,-1.825
260511_111530.wav,18,noise,19,4.944,5.141,+0.197
260511_111530.wav,18,noise,20,4.944,4.836,-0.108
