wav,wsjtx_msgs,burst_idx,t_start_s,t_end_s,n_frames,valid_fraction,afc_applied,base_f0_hz,base_peak_mag,base_fwhm_hz,base_peak_to_noise,afc_peak_mag,gain_db
260511_031845.wav,,0,13.450,13.590,1,0.000,0,+87.36,111,10.00,1.65,111,+0.00
260511_091230.wav,N1KWF K0TPP R+09,0,7.620,8.240,8,1.000,1,+104.12,1908,4.00,8.23,1944,+0.16
260511_092430.wav,N2QFN K0TPP R+12,0,13.380,13.470,1,0.000,0,+212.01,150,10.00,1.38,150,+0.00
260511_093000.wav,CQ KD9VV EN71|KA1EME K0TPP 73,0,12.310,12.420,1,0.000,0,+35.64,166,13.00,1.30,166,+0.00
260511_093130.wav,CQ KD9VV EN71,0,4.260,4.390,1,0.000,0,+236.49,157,7.00,1.16,157,+0.00
260511_093130.wav,CQ KD9VV EN71,1,4.510,4.720,2,1.000,1,+99.47,349,7.00,2.07,350,+0.01
260511_093130.wav,CQ KD9VV EN71,2,4.730,4.850,1,0.000,0,+241.79,164,15.00,1.52,164,+0.00
260511_102530.wav,CQ N8XY EN90,0,8.070,8.280,2,1.000,1,+106.84,544,7.00,2.12,513,-0.52
260511_103100.wav,N8XY N4JP FM14,0,10.450,10.520,0,0.000,0,+nan,0,nan,nan,0,+nan
260511_103145.wav,CQ K2GV FN30,0,8.540,8.680,1,0.000,0,+95.67,175,9.00,1.43,175,+0.00
260511_103400.wav,N8XY N4JP FM14,0,13.080,13.190,1,0.000,0,+124.37,155,9.00,1.43,155,+0.00
260511_103400.wav,N8XY N4JP FM14,1,13.230,13.290,0,0.000,0,+nan,0,nan,nan,0,+nan
260511_103600.wav,KB8OTK N4JP FM14,0,5.320,5.510,2,1.000,1,+125.09,464,8.00,2.04,507,+0.76
260511_103730.wav,KB8OTK N4JP FM14,0,1.890,2.050,2,1.000,1,+122.56,419,7.00,2.02,419,+0.01
260511_103830.wav,KB8OTK N4JP FM14,0,5.230,5.330,1,0.000,0,+137.76,201,14.00,1.52,201,+0.00
260511_103900.wav,WA2FZW W9VHF EN71,0,5.610,5.800,2,1.000,1,+108.81,457,6.00,1.94,453,-0.07
260511_103900.wav,WA2FZW W9VHF EN71,1,13.930,14.020,1,0.000,0,+128.84,143,9.00,1.45,143,+0.00
260511_103930.wav,KB8OTK N4JP FM14,0,2.390,2.480,1,0.000,0,+143.45,133,14.00,1.56,133,+0.00
260511_103930.wav,KB8OTK N4JP FM14,1,2.600,2.670,0,0.000,0,+nan,0,nan,nan,0,+nan
260511_103930.wav,KB8OTK N4JP FM14,2,4.800,4.940,1,0.000,0,+105.77,119,14.00,1.51,119,+0.00
260511_103930.wav,KB8OTK N4JP FM14,3,5.340,5.660,4,1.000,1,+129.01,505,4.00,5.06,500,-0.10
260511_103930.wav,KB8OTK N4JP FM14,4,11.820,13.540,23,1.000,1,+116.92,4068,2.00,26.13,4897,+1.61
260511_103930.wav,KB8OTK N4JP FM14,5,14.430,14.930,6,1.000,1,+130.67,1249,4.00,8.53,1292,+0.30
260511_104030.wav,N2QFN K0TPP +06|KB8OTK N4JP FM14,0,9.460,9.780,4,1.000,1,+104.06,1032,6.00,3.71,1093,+0.50
260511_104030.wav,N2QFN K0TPP +06|KB8OTK N4JP FM14,1,14.650,14.750,1,0.000,0,+105.90,149,16.00,1.67,149,+0.00
260511_104130.wav,KB8OTK N4JP FM14,0,1.420,1.480,0,0.000,0,+nan,0,nan,nan,0,+nan
260511_104130.wav,KB8OTK N4JP FM14,1,5.880,5.980,1,0.000,0,+67.02,155,13.00,1.40,155,+0.00
260511_104130.wav,KB8OTK N4JP FM14,2,6.120,6.250,1,0.000,0,+86.66,186,15.00,1.50,186,+0.00
260511_104130.wav,KB8OTK N4JP FM14,3,6.330,6.470,1,0.000,0,+105.36,198,15.00,1.64,198,+0.00
260511_104130.wav,KB8OTK N4JP FM14,4,6.570,6.860,4,1.000,1,+137.05,651,4.00,3.78,709,+0.73
260511_104130.wav,KB8OTK N4JP FM14,5,7.370,7.510,1,0.000,0,+139.20,155,13.00,1.38,155,+0.00
260511_104130.wav,KB8OTK N4JP FM14,6,7.610,7.750,1,0.000,0,+122.84,146,12.00,1.34,146,+0.00
260511_104130.wav,KB8OTK N4JP FM14,7,7.830,7.960,1,0.000,0,+121.63,156,13.00,1.39,156,+0.00
260511_104130.wav,KB8OTK N4JP FM14,8,9.860,9.930,0,0.000,0,+nan,0,nan,nan,0,+nan
260511_104230.wav,KB8OTK N4JP FM14,0,11.330,11.410,1,0.000,0,+102.43,279,15.00,1.58,279,+0.00
260511_104245.wav,CQ WA2FZW FN20,0,4.990,5.060,0,0.000,0,+nan,0,nan,nan,0,+nan
260511_104300.wav,KB8OTK N4JP FM14|N2QFN K0TPP RR73,0,7.060,8.030,13,1.000,1,+120.91,2759,2.00,13.76,2826,+0.21
260511_104300.wav,KB8OTK N4JP FM14|N2QFN K0TPP RR73,1,8.610,8.770,2,0.000,0,+65.38,211,6.00,1.51,211,+0.00
260511_104300.wav,KB8OTK N4JP FM14|N2QFN K0TPP RR73,2,8.910,9.180,3,1.000,1,+108.37,416,6.00,2.33,477,+1.19
260511_104330.wav,KB8OTK N4JP FM14,0,13.170,13.290,1,0.000,0,+126.56,193,15.00,1.55,193,+0.00
260511_104430.wav,KB8OTK N4JP FM14,0,9.290,9.440,2,0.000,0,+136.29,319,7.00,1.82,319,+0.00
260511_104430.wav,KB8OTK N4JP FM14,1,9.450,9.510,0,0.000,0,+nan,0,nan,nan,0,+nan
260511_104500.wav,KA1EME W9VHF 73,0,14.460,14.540,1,0.000,0,+103.67,131,11.00,1.18,131,+0.00
260511_105345.wav,CQ WA2FZW FN20,0,5.070,5.150,1,0.000,0,+222.26,161,13.00,1.37,161,+0.00
260511_105445.wav,CQ WA2FZW FN20,0,9.300,9.370,0,0.000,0,+nan,0,nan,nan,0,+nan
260511_105800.wav,KF2ZQ N4JP FM14,0,3.030,3.160,1,0.000,0,+225.55,188,13.00,1.40,188,+0.00
260511_105800.wav,KF2ZQ N4JP FM14,1,3.170,3.510,4,1.000,1,+121.82,577,5.00,3.67,557,-0.31
260511_110130.wav,N0AN N1KWF R+02,0,0.300,0.390,1,0.000,0,+103.82,172,12.00,1.36,172,+0.00
260511_110145.wav,N0AN N1KWF R+02,0,1.190,1.280,1,0.000,0,-203.13,135,11.00,1.46,135,+0.00
260511_110145.wav,N0AN N1KWF R+02,1,4.820,4.990,2,1.000,1,+103.65,275,7.00,1.86,249,-0.86
260511_110215.wav,N0AN N1KWF R+02|N0AN K3SWZ FN10,0,6.950,7.010,0,0.000,0,+nan,0,nan,nan,0,+nan
260511_110415.wav,N0AN N1KWF 73,0,0.960,1.090,1,0.000,0,+66.80,140,12.00,1.28,140,+0.00
260511_110415.wav,N0AN N1KWF 73,1,1.270,1.460,2,1.000,1,+102.59,315,7.00,1.85,328,+0.36
260511_110415.wav,N0AN N1KWF 73,2,1.570,1.720,2,1.000,1,+102.79,229,8.00,1.60,264,+1.24
260511_111030.wav,CQ N4JP FM14,0,11.740,11.910,2,1.000,1,+128.79,345,7.00,1.80,450,+2.31
260511_111230.wav,VA3TO N4JP R+06,0,11.340,11.460,1,0.000,0,+36.88,221,17.00,1.37,221,+0.00
260511_111330.wav,VA3TO N4JP R+06,0,4.120,4.210,1,0.000,0,+149.93,130,11.00,1.23,130,+0.00
260511_111400.wav,VA3TO N4JP R+06,0,1.010,1.140,1,0.000,0,+197.70,153,13.00,1.39,153,+0.00
260511_111430.wav,VA3TO N4JP R+06,0,11.120,11.190,0,0.000,0,+nan,0,nan,nan,0,+nan
260511_111500.wav,VA3TO N4JP R+06,0,4.290,4.420,1,0.000,0,+126.78,163,15.00,1.56,163,+0.00
260511_111530.wav,VA3TO N4JP R+06,0,3.320,3.430,1,1.000,1,+126.33,150,14.00,1.45,155,+0.26
260511_111530.wav,VA3TO N4JP R+06,1,3.550,3.630,1,1.000,1,+125.69,140,13.00,1.39,146,+0.31
260511_111530.wav,VA3TO N4JP R+06,2,4.220,4.280,0,0.000,0,+nan,0,nan,nan,0,+nan
260511_111530.wav,VA3TO N4JP R+06,3,4.380,4.500,1,1.000,1,+128.30,180,11.00,1.24,210,+1.33
260511_111530.wav,VA3TO N4JP R+06,4,4.550,4.680,1,1.000,1,+126.68,231,15.00,1.59,200,-1.26
260511_111530.wav,VA3TO N4JP R+06,5,4.970,5.090,1,1.000,1,+125.95,182,14.00,1.44,168,-0.68
260511_111530.wav,VA3TO N4JP R+06,6,5.680,5.770,1,1.000,1,+71.29,134,13.00,1.27,161,+1.55
260511_111530.wav,VA3TO N4JP R+06,7,6.320,6.380,0,0.000,0,+nan,0,nan,nan,0,+nan
260511_111530.wav,VA3TO N4JP R+06,8,7.310,7.380,0,0.000,0,+nan,0,nan,nan,0,+nan
260511_111530.wav,VA3TO N4JP R+06,9,8.000,8.050,0,0.000,0,+nan,0,nan,nan,0,+nan
260511_111530.wav,VA3TO N4JP R+06,10,9.940,10.020,1,0.000,0,+127.22,132,12.00,1.32,132,+0.00
260511_111530.wav,VA3TO N4JP R+06,11,10.600,10.670,0,0.000,0,+nan,0,nan,nan,0,+nan
260511_111530.wav,VA3TO N4JP R+06,12,10.950,11.030,1,0.000,0,+128.27,135,13.00,1.36,135,+0.00
260511_111530.wav,VA3TO N4JP R+06,13,11.790,11.890,1,1.000,1,+211.19,129,9.00,1.20,171,+2.45
260511_111530.wav,VA3TO N4JP R+06,14,12.410,12.490,1,0.000,0,+127.41,149,15.00,1.49,149,+0.00
260511_111530.wav,VA3TO N4JP R+06,15,12.880,12.980,1,1.000,1,+128.21,148,12.00,1.32,168,+1.10
260511_111530.wav,VA3TO N4JP R+06,16,13.070,13.150,1,1.000,1,+126.88,157,14.00,1.50,155,-0.13
260511_111530.wav,VA3TO N4JP R+06,17,13.220,14.250,14,1.000,1,+129.01,3083,2.00,18.83,2852,-0.68
260511_111530.wav,VA3TO N4JP R+06,18,14.450,14.910,6,1.000,1,+128.82,933,4.00,8.13,1022,+0.79
260511_111600.wav,VA3TO N4JP R+06,0,2.900,2.960,0,0.000,0,+nan,0,nan,nan,0,+nan
260511_111600.wav,VA3TO N4JP R+06,1,4.390,4.480,1,0.000,0,+128.55,165,14.00,1.47,165,+0.00
260511_111600.wav,VA3TO N4JP R+06,2,5.380,5.500,1,1.000,1,+126.32,183,14.00,1.45,169,-0.69
260511_111600.wav,VA3TO N4JP R+06,3,5.570,5.690,1,0.000,0,+127.72,194,9.00,1.42,194,+0.00
260511_111600.wav,VA3TO N4JP R+06,4,5.760,5.850,1,0.000,0,+128.72,158,13.00,1.41,158,+0.00
260511_111600.wav,VA3TO N4JP R+06,5,6.000,6.070,0,0.000,0,+nan,0,nan,nan,0,+nan
260511_111600.wav,VA3TO N4JP R+06,6,7.400,7.500,1,1.000,1,+128.16,161,14.00,1.51,160,-0.03
260511_111600.wav,VA3TO N4JP R+06,7,7.630,7.680,0,0.000,0,+nan,0,nan,nan,0,+nan
260511_111600.wav,VA3TO N4JP R+06,8,7.690,7.860,2,1.000,1,+128.51,355,7.00,2.08,362,+0.17
260511_111600.wav,VA3TO N4JP R+06,9,7.950,8.020,0,0.000,0,+nan,0,nan,nan,0,+nan
260511_111600.wav,VA3TO N4JP R+06,10,8.140,8.190,0,0.000,0,+nan,0,nan,nan,0,+nan
260511_111600.wav,VA3TO N4JP R+06,11,11.070,11.150,1,1.000,1,+92.83,164,14.00,1.44,178,+0.71
260511_111600.wav,VA3TO N4JP R+06,12,11.260,11.510,3,1.000,1,+128.37,493,6.00,3.60,519,+0.43
260511_111600.wav,VA3TO N4JP R+06,13,11.620,11.670,0,0.000,0,+nan,0,nan,nan,0,+nan
260511_111600.wav,VA3TO N4JP R+06,14,12.830,12.900,0,0.000,0,+nan,0,nan,nan,0,+nan
260511_111600.wav,VA3TO N4JP R+06,15,12.970,13.070,1,0.000,0,+126.71,197,15.00,1.52,197,+0.00
260511_111600.wav,VA3TO N4JP R+06,16,13.160,13.260,1,0.000,0,+127.72,173,13.00,1.40,173,+0.00
260511_111600.wav,VA3TO N4JP R+06,17,14.410,14.470,0,0.000,0,+nan,0,nan,nan,0,+nan
260511_111630.wav,VA3TO N4JP R+06,0,8.910,9.030,1,0.000,0,+125.23,135,12.00,1.32,135,+0.00
260511_111630.wav,VA3TO N4JP R+06,1,11.130,11.220,1,0.000,0,+110.41,126,12.00,1.27,126,+0.00
260511_111800.wav,VA3TO N4JP 73,0,11.170,11.250,1,0.000,0,+127.25,126,12.00,1.28,126,+0.00
260511_111800.wav,VA3TO N4JP 73,1,12.660,12.720,0,0.000,0,+nan,0,nan,nan,0,+nan
260511_111800.wav,VA3TO N4JP 73,2,12.730,12.820,1,0.000,0,+127.59,143,15.00,1.41,143,+0.00
260511_112000.wav,N1KWF N4JP FM14,0,5.200,5.270,0,0.000,0,+nan,0,nan,nan,0,+nan
260511_112015.wav,N4JP N1KWF +15,0,12.980,13.030,0,0.000,0,+nan,0,nan,nan,0,+nan
260511_112015.wav,N4JP N1KWF +15,1,13.050,13.100,0,0.000,0,+nan,0,nan,nan,0,+nan
260511_112030.wav,N1KWF N4JP R+17,0,12.080,12.240,2,0.000,0,+118.78,335,7.00,1.92,335,+0.00
260511_112030.wav,N1KWF N4JP R+17,1,12.320,12.450,1,0.000,0,+121.99,185,14.00,1.50,185,+0.00
260511_112030.wav,N1KWF N4JP R+17,2,12.540,12.610,0,0.000,0,+nan,0,nan,nan,0,+nan
260511_112130.wav,KF2ZQ AD4TJ FM08,0,11.200,11.520,4,0.000,0,+53.30,590,5.00,3.75,590,+0.00
260511_112200.wav,KF2ZQ AD4TJ FM08,0,7.670,7.730,0,0.000,0,+nan,0,nan,nan,0,+nan
260511_123115.wav,KG4ERR KR1ST FN21,0,3.280,3.340,0,0.000,0,+nan,0,nan,nan,0,+nan
260511_131515.wav,CQ WA4Q EM57,0,11.590,11.700,1,0.500,1,+46.69,151,13.00,1.32,166,+0.85
