wav,wsjtx_msgs,burst_idx,t_start_s,t_end_s,n_frames,n_windows,burst_avg_f0_hz,drift_hz_per_s,resid_hz,label
260511_031845.wav,,0,13.450,13.590,1,0,+87.36,,,INSUFFICIENT
260511_091230.wav,N1KWF K0TPP R+09,0,7.620,8.240,8,16,+104.12,-3.76,14.70,FLUTTERY
260511_092430.wav,N2QFN K0TPP R+12,0,13.380,13.470,1,0,+212.01,,,INSUFFICIENT
260511_093000.wav,CQ KD9VV EN71|KA1EME K0TPP 73,0,12.310,12.420,1,0,+35.64,,,INSUFFICIENT
260511_093130.wav,CQ KD9VV EN71,0,4.260,4.390,1,0,+236.49,,,INSUFFICIENT
260511_093130.wav,CQ KD9VV EN71,1,4.510,4.720,2,4,+99.47,-5.10,0.14,LINEAR_DRIFT
260511_093130.wav,CQ KD9VV EN71,2,4.730,4.850,1,0,+241.79,,,INSUFFICIENT
260511_102530.wav,CQ N8XY EN90,0,8.070,8.280,2,4,+106.84,-617.96,19.52,FLUTTERY
260511_103100.wav,N8XY N4JP FM14,0,10.450,10.520,0,0,+nan,,,INSUFFICIENT
260511_103145.wav,CQ K2GV FN30,0,8.540,8.680,1,0,+95.67,,,INSUFFICIENT
260511_103400.wav,N8XY N4JP FM14,0,13.080,13.190,1,0,+124.37,,,INSUFFICIENT
260511_103400.wav,N8XY N4JP FM14,1,13.230,13.290,0,0,+nan,,,INSUFFICIENT
260511_103600.wav,KB8OTK N4JP FM14,0,5.320,5.510,2,4,+125.09,-1070.24,51.20,FLUTTERY
260511_103730.wav,KB8OTK N4JP FM14,0,1.890,2.050,2,3,+122.56,+1793.76,29.39,FLUTTERY
260511_103830.wav,KB8OTK N4JP FM14,0,5.230,5.330,1,0,+137.76,,,INSUFFICIENT
260511_103900.wav,WA2FZW W9VHF EN71,0,5.610,5.800,2,4,+108.81,-43.73,0.53,LINEAR_DRIFT
260511_103900.wav,WA2FZW W9VHF EN71,1,13.930,14.020,1,0,+128.84,,,INSUFFICIENT
260511_103930.wav,KB8OTK N4JP FM14,0,2.390,2.480,1,0,+143.45,,,INSUFFICIENT
260511_103930.wav,KB8OTK N4JP FM14,1,2.600,2.670,0,0,+nan,,,INSUFFICIENT
260511_103930.wav,KB8OTK N4JP FM14,2,4.800,4.940,1,0,+105.77,,,INSUFFICIENT
260511_103930.wav,KB8OTK N4JP FM14,3,5.340,5.660,4,7,+129.01,-27.86,11.80,FLUTTERY
260511_103930.wav,KB8OTK N4JP FM14,4,11.820,13.540,23,46,+116.92,+3.17,12.70,FLUTTERY
260511_103930.wav,KB8OTK N4JP FM14,5,14.430,14.930,6,12,+130.67,-5.18,11.37,FLUTTERY
260511_104030.wav,N2QFN K0TPP +06|KB8OTK N4JP FM14,0,9.460,9.780,4,7,+104.06,+80.17,6.11,FLUTTERY
260511_104030.wav,N2QFN K0TPP +06|KB8OTK N4JP FM14,1,14.650,14.750,1,0,+105.90,,,INSUFFICIENT
260511_104130.wav,KB8OTK N4JP FM14,0,1.420,1.480,0,0,+nan,,,INSUFFICIENT
260511_104130.wav,KB8OTK N4JP FM14,1,5.880,5.980,1,0,+67.02,,,INSUFFICIENT
260511_104130.wav,KB8OTK N4JP FM14,2,6.120,6.250,1,0,+86.66,,,INSUFFICIENT
260511_104130.wav,KB8OTK N4JP FM14,3,6.330,6.470,1,0,+105.36,,,INSUFFICIENT
260511_104130.wav,KB8OTK N4JP FM14,4,6.570,6.860,4,7,+137.05,-218.01,31.87,FLUTTERY
260511_104130.wav,KB8OTK N4JP FM14,5,7.370,7.510,1,0,+139.20,,,INSUFFICIENT
260511_104130.wav,KB8OTK N4JP FM14,6,7.610,7.750,1,0,+122.84,,,INSUFFICIENT
260511_104130.wav,KB8OTK N4JP FM14,7,7.830,7.960,1,0,+121.63,,,INSUFFICIENT
260511_104130.wav,KB8OTK N4JP FM14,8,9.860,9.930,0,0,+nan,,,INSUFFICIENT
260511_104230.wav,KB8OTK N4JP FM14,0,11.330,11.410,1,0,+102.43,,,INSUFFICIENT
260511_104245.wav,CQ WA2FZW FN20,0,4.990,5.060,0,0,+nan,,,INSUFFICIENT
260511_104300.wav,KB8OTK N4JP FM14|N2QFN K0TPP RR73,0,7.060,8.030,13,25,+120.91,-3.09,20.07,FLUTTERY
260511_104300.wav,KB8OTK N4JP FM14|N2QFN K0TPP RR73,1,8.610,8.770,2,3,+65.38,+2026.87,33.99,FLUTTERY
260511_104300.wav,KB8OTK N4JP FM14|N2QFN K0TPP RR73,2,8.910,9.180,3,6,+108.37,-1187.31,72.35,FLUTTERY
260511_104330.wav,KB8OTK N4JP FM14,0,13.170,13.290,1,0,+126.56,,,INSUFFICIENT
260511_104430.wav,KB8OTK N4JP FM14,0,9.290,9.440,2,3,+136.29,+42.18,0.74,LINEAR_DRIFT
260511_104430.wav,KB8OTK N4JP FM14,1,9.450,9.510,0,0,+nan,,,INSUFFICIENT
260511_104500.wav,KA1EME W9VHF 73,0,14.460,14.540,1,0,+103.67,,,INSUFFICIENT
260511_105345.wav,CQ WA2FZW FN20,0,5.070,5.150,1,0,+222.26,,,INSUFFICIENT
260511_105445.wav,CQ WA2FZW FN20,0,9.300,9.370,0,0,+nan,,,INSUFFICIENT
260511_105800.wav,KF2ZQ N4JP FM14,0,3.030,3.160,1,0,+225.55,,,INSUFFICIENT
260511_105800.wav,KF2ZQ N4JP FM14,1,3.170,3.510,4,8,+121.82,+48.34,74.16,FLUTTERY
260511_110130.wav,N0AN N1KWF R+02,0,0.300,0.390,1,0,+103.82,,,INSUFFICIENT
260511_110145.wav,N0AN N1KWF R+02,0,1.190,1.280,1,0,-203.13,,,INSUFFICIENT
260511_110145.wav,N0AN N1KWF R+02,1,4.820,4.990,2,3,+103.65,-1706.25,30.26,FLUTTERY
260511_110215.wav,N0AN N1KWF R+02|N0AN K3SWZ FN10,0,6.950,7.010,0,0,+nan,,,INSUFFICIENT
260511_110415.wav,N0AN N1KWF 73,0,0.960,1.090,1,0,+66.80,,,INSUFFICIENT
260511_110415.wav,N0AN N1KWF 73,1,1.270,1.460,2,4,+102.59,-1713.99,59.13,FLUTTERY
260511_110415.wav,N0AN N1KWF 73,2,1.570,1.720,2,3,+102.79,+1.01,0.02,STATIONARY
260511_111030.wav,CQ N4JP FM14,0,11.740,11.910,2,3,+128.79,+993.28,16.93,FLUTTERY
260511_111230.wav,VA3TO N4JP R+06,0,11.340,11.460,1,0,+36.88,,,INSUFFICIENT
260511_111330.wav,VA3TO N4JP R+06,0,4.120,4.210,1,0,+149.93,,,INSUFFICIENT
260511_111400.wav,VA3TO N4JP R+06,0,1.010,1.140,1,0,+197.70,,,INSUFFICIENT
260511_111430.wav,VA3TO N4JP R+06,0,11.120,11.190,0,0,+nan,,,INSUFFICIENT
260511_111500.wav,VA3TO N4JP R+06,0,4.290,4.420,1,0,+126.78,,,INSUFFICIENT
260511_111530.wav,VA3TO N4JP R+06,0,3.320,3.430,1,0,+126.33,,,INSUFFICIENT
260511_111530.wav,VA3TO N4JP R+06,1,3.550,3.630,1,0,+125.69,,,INSUFFICIENT
260511_111530.wav,VA3TO N4JP R+06,2,4.220,4.280,0,0,+nan,,,INSUFFICIENT
260511_111530.wav,VA3TO N4JP R+06,3,4.380,4.500,1,0,+128.30,,,INSUFFICIENT
260511_111530.wav,VA3TO N4JP R+06,4,4.550,4.680,1,0,+126.68,,,INSUFFICIENT
260511_111530.wav,VA3TO N4JP R+06,5,4.970,5.090,1,0,+125.95,,,INSUFFICIENT
260511_111530.wav,VA3TO N4JP R+06,6,5.680,5.770,1,0,+71.29,,,INSUFFICIENT
260511_111530.wav,VA3TO N4JP R+06,7,6.320,6.380,0,0,+nan,,,INSUFFICIENT
260511_111530.wav,VA3TO N4JP R+06,8,7.310,7.380,0,0,+nan,,,INSUFFICIENT
260511_111530.wav,VA3TO N4JP R+06,9,8.000,8.050,0,0,+nan,,,INSUFFICIENT
260511_111530.wav,VA3TO N4JP R+06,10,9.940,10.020,1,0,+127.22,,,INSUFFICIENT
260511_111530.wav,VA3TO N4JP R+06,11,10.600,10.670,0,0,+nan,,,INSUFFICIENT
260511_111530.wav,VA3TO N4JP R+06,12,10.950,11.030,1,0,+128.27,,,INSUFFICIENT
260511_111530.wav,VA3TO N4JP R+06,13,11.790,11.890,1,0,+211.19,,,INSUFFICIENT
260511_111530.wav,VA3TO N4JP R+06,14,12.410,12.490,1,0,+127.41,,,INSUFFICIENT
260511_111530.wav,VA3TO N4JP R+06,15,12.880,12.980,1,0,+128.21,,,INSUFFICIENT
260511_111530.wav,VA3TO N4JP R+06,16,13.070,13.150,1,0,+126.88,,,INSUFFICIENT
260511_111530.wav,VA3TO N4JP R+06,17,13.220,14.250,14,27,+129.01,+0.32,0.46,STATIONARY
260511_111530.wav,VA3TO N4JP R+06,18,14.450,14.910,6,11,+128.82,-64.38,13.41,FLUTTERY
260511_111600.wav,VA3TO N4JP R+06,0,2.900,2.960,0,0,+nan,,,INSUFFICIENT
260511_111600.wav,VA3TO N4JP R+06,1,4.390,4.480,1,0,+128.55,,,INSUFFICIENT
260511_111600.wav,VA3TO N4JP R+06,2,5.380,5.500,1,0,+126.32,,,INSUFFICIENT
260511_111600.wav,VA3TO N4JP R+06,3,5.570,5.690,1,0,+127.72,,,INSUFFICIENT
260511_111600.wav,VA3TO N4JP R+06,4,5.760,5.850,1,0,+128.72,,,INSUFFICIENT
260511_111600.wav,VA3TO N4JP R+06,5,6.000,6.070,0,0,+nan,,,INSUFFICIENT
260511_111600.wav,VA3TO N4JP R+06,6,7.400,7.500,1,0,+128.16,,,INSUFFICIENT
260511_111600.wav,VA3TO N4JP R+06,7,7.630,7.680,0,0,+nan,,,INSUFFICIENT
260511_111600.wav,VA3TO N4JP R+06,8,7.690,7.860,2,3,+128.51,-19.26,0.32,LINEAR_DRIFT
260511_111600.wav,VA3TO N4JP R+06,9,7.950,8.020,0,0,+nan,,,INSUFFICIENT
260511_111600.wav,VA3TO N4JP R+06,10,8.140,8.190,0,0,+nan,,,INSUFFICIENT
260511_111600.wav,VA3TO N4JP R+06,11,11.070,11.150,1,0,+92.83,,,INSUFFICIENT
260511_111600.wav,VA3TO N4JP R+06,12,11.260,11.510,3,5,+128.37,-290.33,8.13,FLUTTERY
260511_111600.wav,VA3TO N4JP R+06,13,11.620,11.670,0,0,+nan,,,INSUFFICIENT
260511_111600.wav,VA3TO N4JP R+06,14,12.830,12.900,0,0,+nan,,,INSUFFICIENT
260511_111600.wav,VA3TO N4JP R+06,15,12.970,13.070,1,0,+126.71,,,INSUFFICIENT
260511_111600.wav,VA3TO N4JP R+06,16,13.160,13.260,1,0,+127.72,,,INSUFFICIENT
260511_111600.wav,VA3TO N4JP R+06,17,14.410,14.470,0,0,+nan,,,INSUFFICIENT
260511_111630.wav,VA3TO N4JP R+06,0,8.910,9.030,1,0,+125.23,,,INSUFFICIENT
260511_111630.wav,VA3TO N4JP R+06,1,11.130,11.220,1,0,+110.41,,,INSUFFICIENT
260511_111800.wav,VA3TO N4JP 73,0,11.170,11.250,1,0,+127.25,,,INSUFFICIENT
260511_111800.wav,VA3TO N4JP 73,1,12.660,12.720,0,0,+nan,,,INSUFFICIENT
260511_111800.wav,VA3TO N4JP 73,2,12.730,12.820,1,0,+127.59,,,INSUFFICIENT
260511_112000.wav,N1KWF N4JP FM14,0,5.200,5.270,0,0,+nan,,,INSUFFICIENT
260511_112015.wav,N4JP N1KWF +15,0,12.980,13.030,0,0,+nan,,,INSUFFICIENT
260511_112015.wav,N4JP N1KWF +15,1,13.050,13.100,0,0,+nan,,,INSUFFICIENT
260511_112030.wav,N1KWF N4JP R+17,0,12.080,12.240,2,3,+118.78,-1173.36,18.98,FLUTTERY
260511_112030.wav,N1KWF N4JP R+17,1,12.320,12.450,1,0,+121.99,,,INSUFFICIENT
260511_112030.wav,N1KWF N4JP R+17,2,12.540,12.610,0,0,+nan,,,INSUFFICIENT
260511_112130.wav,KF2ZQ AD4TJ FM08,0,11.200,11.520,4,7,+53.30,+381.19,67.78,FLUTTERY
260511_112200.wav,KF2ZQ AD4TJ FM08,0,7.670,7.730,0,0,+nan,,,INSUFFICIENT
260511_123115.wav,KG4ERR KR1ST FN21,0,3.280,3.340,0,0,+nan,,,INSUFFICIENT
260511_131515.wav,CQ WA4Q EM57,0,11.590,11.700,1,0,+46.69,,,INSUFFICIENT
