depth,snr_db,trial,truth_msg,decoded_msg,correct
1,-10,0,CQ K1JT FN20,,0
2,-10,0,CQ K1JT FN20,,0
1,-10,1,CQ K1JT FN20,,0
2,-10,1,CQ K1JT FN20,,0
1,-10,2,CQ K1JT FN20,,0
2,-10,2,CQ K1JT FN20,,0
1,-10,3,CQ K1JT FN20,,0
2,-10,3,CQ K1JT FN20,,0
1,-10,4,CQ K1JT FN20,,0
2,-10,4,CQ K1JT FN20,,0
1,-10,5,CQ K1JT FN20,,0
2,-10,5,CQ K1JT FN20,,0
1,-10,6,CQ K1JT FN20,,0
2,-10,6,CQ K1JT FN20,,0
1,-10,7,CQ K1JT FN20,,0
2,-10,7,CQ K1JT FN20,,0
1,-10,8,CQ K1JT FN20,,0
2,-10,8,CQ K1JT FN20,,0
1,-10,9,CQ K1JT FN20,,0
2,-10,9,CQ K1JT FN20,,0
1,-10,10,CQ K1JT FN20,,0
2,-10,10,CQ K1JT FN20,,0
1,-10,11,CQ K1JT FN20,,0
2,-10,11,CQ K1JT FN20,,0
1,-10,12,CQ K1JT FN20,,0
2,-10,12,CQ K1JT FN20,,0
1,-10,13,CQ K1JT FN20,,0
2,-10,13,CQ K1JT FN20,,0
1,-10,14,CQ K1JT FN20,,0
2,-10,14,CQ K1JT FN20,,0
1,-10,15,CQ K1JT FN20,,0
2,-10,15,CQ K1JT FN20,,0
1,-10,16,CQ K1JT FN20,,0
2,-10,16,CQ K1JT FN20,,0
1,-10,17,CQ K1JT FN20,,0
2,-10,17,CQ K1JT FN20,,0
1,-10,18,CQ K1JT FN20,,0
2,-10,18,CQ K1JT FN20,,0
1,-10,19,CQ K1JT FN20,,0
2,-10,19,CQ K1JT FN20,,0
1,-10,20,CQ K1JT FN20,,0
2,-10,20,CQ K1JT FN20,,0
1,-10,21,CQ K1JT FN20,,0
2,-10,21,CQ K1JT FN20,,0
1,-10,22,CQ K1JT FN20,,0
2,-10,22,CQ K1JT FN20,,0
1,-10,23,CQ K1JT FN20,,0
2,-10,23,CQ K1JT FN20,,0
1,-10,24,CQ K1JT FN20,,0
2,-10,24,CQ K1JT FN20,,0
1,-10,25,CQ K1JT FN20,,0
2,-10,25,CQ K1JT FN20,,0
1,-10,26,CQ K1JT FN20,,0
2,-10,26,CQ K1JT FN20,,0
1,-10,27,CQ K1JT FN20,,0
2,-10,27,CQ K1JT FN20,,0
1,-10,28,CQ K1JT FN20,,0
2,-10,28,CQ K1JT FN20,,0
1,-10,29,CQ K1JT FN20,,0
2,-10,29,CQ K1JT FN20,,0
1,-9,0,CQ K1JT FN20,,0
2,-9,0,CQ K1JT FN20,,0
1,-9,1,CQ K1JT FN20,,0
2,-9,1,CQ K1JT FN20,,0
1,-9,2,CQ K1JT FN20,,0
2,-9,2,CQ K1JT FN20,,0
1,-9,3,CQ K1JT FN20,,0
2,-9,3,CQ K1JT FN20,,0
1,-9,4,CQ K1JT FN20,,0
2,-9,4,CQ K1JT FN20,,0
1,-9,5,CQ K1JT FN20,,0
2,-9,5,CQ K1JT FN20,,0
1,-9,6,CQ K1JT FN20,,0
2,-9,6,CQ K1JT FN20,,0
1,-9,7,CQ K1JT FN20,,0
2,-9,7,CQ K1JT FN20,,0
1,-9,8,CQ K1JT FN20,,0
2,-9,8,CQ K1JT FN20,,0
1,-9,9,CQ K1JT FN20,,0
2,-9,9,CQ K1JT FN20,,0
1,-9,10,CQ K1JT FN20,,0
2,-9,10,CQ K1JT FN20,,0
1,-9,11,CQ K1JT FN20,,0
2,-9,11,CQ K1JT FN20,,0
1,-9,12,CQ K1JT FN20,,0
2,-9,12,CQ K1JT FN20,,0
1,-9,13,CQ K1JT FN20,,0
2,-9,13,CQ K1JT FN20,,0
1,-9,14,CQ K1JT FN20,,0
2,-9,14,CQ K1JT FN20,,0
1,-9,15,CQ K1JT FN20,,0
2,-9,15,CQ K1JT FN20,,0
1,-9,16,CQ K1JT FN20,,0
2,-9,16,CQ K1JT FN20,,0
1,-9,17,CQ K1JT FN20,,0
2,-9,17,CQ K1JT FN20,,0
1,-9,18,CQ K1JT FN20,,0
2,-9,18,CQ K1JT FN20,,0
1,-9,19,CQ K1JT FN20,,0
2,-9,19,CQ K1JT FN20,,0
1,-9,20,CQ K1JT FN20,,0
2,-9,20,CQ K1JT FN20,,0
1,-9,21,CQ K1JT FN20,,0
2,-9,21,CQ K1JT FN20,,0
1,-9,22,CQ K1JT FN20,,0
2,-9,22,CQ K1JT FN20,,0
1,-9,23,CQ K1JT FN20,,0
2,-9,23,CQ K1JT FN20,,0
1,-9,24,CQ K1JT FN20,,0
2,-9,24,CQ K1JT FN20,,0
1,-9,25,CQ K1JT FN20,,0
2,-9,25,CQ K1JT FN20,,0
1,-9,26,CQ K1JT FN20,,0
2,-9,26,CQ K1JT FN20,,0
1,-9,27,CQ K1JT FN20,,0
2,-9,27,CQ K1JT FN20,,0
1,-9,28,CQ K1JT FN20,,0
2,-9,28,CQ K1JT FN20,,0
1,-9,29,CQ K1JT FN20,,0
2,-9,29,CQ K1JT FN20,,0
1,-8,0,CQ K1JT FN20,,0
2,-8,0,CQ K1JT FN20,,0
1,-8,1,CQ K1JT FN20,,0
2,-8,1,CQ K1JT FN20,,0
1,-8,2,CQ K1JT FN20,,0
2,-8,2,CQ K1JT FN20,,0
1,-8,3,CQ K1JT FN20,,0
2,-8,3,CQ K1JT FN20,,0
1,-8,4,CQ K1JT FN20,,0
2,-8,4,CQ K1JT FN20,,0
1,-8,5,CQ K1JT FN20,,0
2,-8,5,CQ K1JT FN20,,0
1,-8,6,CQ K1JT FN20,,0
2,-8,6,CQ K1JT FN20,,0
1,-8,7,CQ K1JT FN20,,0
2,-8,7,CQ K1JT FN20,,0
1,-8,8,CQ K1JT FN20,,0
2,-8,8,CQ K1JT FN20,,0
1,-8,9,CQ K1JT FN20,,0
2,-8,9,CQ K1JT FN20,,0
1,-8,10,CQ K1JT FN20,,0
2,-8,10,CQ K1JT FN20,,0
1,-8,11,CQ K1JT FN20,,0
2,-8,11,CQ K1JT FN20,,0
1,-8,12,CQ K1JT FN20,,0
2,-8,12,CQ K1JT FN20,,0
1,-8,13,CQ K1JT FN20,,0
2,-8,13,CQ K1JT FN20,,0
1,-8,14,CQ K1JT FN20,,0
2,-8,14,CQ K1JT FN20,,0
1,-8,15,CQ K1JT FN20,,0
2,-8,15,CQ K1JT FN20,,0
1,-8,16,CQ K1JT FN20,,0
2,-8,16,CQ K1JT FN20,,0
1,-8,17,CQ K1JT FN20,,0
2,-8,17,CQ K1JT FN20,,0
1,-8,18,CQ K1JT FN20,,0
2,-8,18,CQ K1JT FN20,,0
1,-8,19,CQ K1JT FN20,,0
2,-8,19,CQ K1JT FN20,,0
1,-8,20,CQ K1JT FN20,,0
2,-8,20,CQ K1JT FN20,,0
1,-8,21,CQ K1JT FN20,,0
2,-8,21,CQ K1JT FN20,,0
1,-8,22,CQ K1JT FN20,,0
2,-8,22,CQ K1JT FN20,,0
1,-8,23,CQ K1JT FN20,,0
2,-8,23,CQ K1JT FN20,,0
1,-8,24,CQ K1JT FN20,,0
2,-8,24,CQ K1JT FN20,,0
1,-8,25,CQ K1JT FN20,,0
2,-8,25,CQ K1JT FN20,,0
1,-8,26,CQ K1JT FN20,,0
2,-8,26,CQ K1JT FN20,,0
1,-8,27,CQ K1JT FN20,,0
2,-8,27,CQ K1JT FN20,,0
1,-8,28,CQ K1JT FN20,,0
2,-8,28,CQ K1JT FN20,,0
1,-8,29,CQ K1JT FN20,,0
2,-8,29,CQ K1JT FN20,,0
1,-7,0,CQ K1JT FN20,,0
2,-7,0,CQ K1JT FN20,,0
1,-7,1,CQ K1JT FN20,,0
2,-7,1,CQ K1JT FN20,,0
1,-7,2,CQ K1JT FN20,,0
2,-7,2,CQ K1JT FN20,,0
1,-7,3,CQ K1JT FN20,,0
2,-7,3,CQ K1JT FN20,,0
1,-7,4,CQ K1JT FN20,,0
2,-7,4,CQ K1JT FN20,,0
1,-7,5,CQ K1JT FN20,,0
2,-7,5,CQ K1JT FN20,,0
1,-7,6,CQ K1JT FN20,,0
2,-7,6,CQ K1JT FN20,,0
1,-7,7,CQ K1JT FN20,,0
2,-7,7,CQ K1JT FN20,,0
1,-7,8,CQ K1JT FN20,,0
2,-7,8,CQ K1JT FN20,,0
1,-7,9,CQ K1JT FN20,,0
2,-7,9,CQ K1JT FN20,,0
1,-7,10,CQ K1JT FN20,,0
2,-7,10,CQ K1JT FN20,,0
1,-7,11,CQ K1JT FN20,,0
2,-7,11,CQ K1JT FN20,,0
1,-7,12,CQ K1JT FN20,,0
2,-7,12,CQ K1JT FN20,,0
1,-7,13,CQ K1JT FN20,,0
2,-7,13,CQ K1JT FN20,,0
1,-7,14,CQ K1JT FN20,,0
2,-7,14,CQ K1JT FN20,,0
1,-7,15,CQ K1JT FN20,,0
2,-7,15,CQ K1JT FN20,,0
1,-7,16,CQ K1JT FN20,,0
2,-7,16,CQ K1JT FN20,,0
1,-7,17,CQ K1JT FN20,,0
2,-7,17,CQ K1JT FN20,,0
1,-7,18,CQ K1JT FN20,,0
2,-7,18,CQ K1JT FN20,,0
1,-7,19,CQ K1JT FN20,,0
2,-7,19,CQ K1JT FN20,,0
1,-7,20,CQ K1JT FN20,,0
2,-7,20,CQ K1JT FN20,,0
1,-7,21,CQ K1JT FN20,,0
2,-7,21,CQ K1JT FN20,,0
1,-7,22,CQ K1JT FN20,,0
2,-7,22,CQ K1JT FN20,,0
1,-7,23,CQ K1JT FN20,,0
2,-7,23,CQ K1JT FN20,,0
1,-7,24,CQ K1JT FN20,,0
2,-7,24,CQ K1JT FN20,,0
1,-7,25,CQ K1JT FN20,,0
2,-7,25,CQ K1JT FN20,,0
1,-7,26,CQ K1JT FN20,,0
2,-7,26,CQ K1JT FN20,,0
1,-7,27,CQ K1JT FN20,,0
2,-7,27,CQ K1JT FN20,,0
1,-7,28,CQ K1JT FN20,,0
2,-7,28,CQ K1JT FN20,,0
1,-7,29,CQ K1JT FN20,,0
2,-7,29,CQ K1JT FN20,,0
1,-6,0,CQ K1JT FN20,,0
2,-6,0,CQ K1JT FN20,,0
1,-6,1,CQ K1JT FN20,,0
2,-6,1,CQ K1JT FN20,,0
1,-6,2,CQ K1JT FN20,,0
2,-6,2,CQ K1JT FN20,,0
1,-6,3,CQ K1JT FN20,,0
2,-6,3,CQ K1JT FN20,,0
1,-6,4,CQ K1JT FN20,,0
2,-6,4,CQ K1JT FN20,,0
1,-6,5,CQ K1JT FN20,,0
2,-6,5,CQ K1JT FN20,,0
1,-6,6,CQ K1JT FN20,,0
2,-6,6,CQ K1JT FN20,,0
1,-6,7,CQ K1JT FN20,,0
2,-6,7,CQ K1JT FN20,,0
1,-6,8,CQ K1JT FN20,,0
2,-6,8,CQ K1JT FN20,,0
1,-6,9,CQ K1JT FN20,,0
2,-6,9,CQ K1JT FN20,,0
1,-6,10,CQ K1JT FN20,,0
2,-6,10,CQ K1JT FN20,,0
1,-6,11,CQ K1JT FN20,,0
2,-6,11,CQ K1JT FN20,,0
1,-6,12,CQ K1JT FN20,,0
2,-6,12,CQ K1JT FN20,,0
1,-6,13,CQ K1JT FN20,,0
2,-6,13,CQ K1JT FN20,,0
1,-6,14,CQ K1JT FN20,,0
2,-6,14,CQ K1JT FN20,,0
1,-6,15,CQ K1JT FN20,,0
2,-6,15,CQ K1JT FN20,,0
1,-6,16,CQ K1JT FN20,,0
2,-6,16,CQ K1JT FN20,,0
1,-6,17,CQ K1JT FN20,,0
2,-6,17,CQ K1JT FN20,,0
1,-6,18,CQ K1JT FN20,,0
2,-6,18,CQ K1JT FN20,,0
1,-6,19,CQ K1JT FN20,,0
2,-6,19,CQ K1JT FN20,,0
1,-6,20,CQ K1JT FN20,,0
2,-6,20,CQ K1JT FN20,,0
1,-6,21,CQ K1JT FN20,,0
2,-6,21,CQ K1JT FN20,,0
1,-6,22,CQ K1JT FN20,,0
2,-6,22,CQ K1JT FN20,,0
1,-6,23,CQ K1JT FN20,,0
2,-6,23,CQ K1JT FN20,,0
1,-6,24,CQ K1JT FN20,,0
2,-6,24,CQ K1JT FN20,,0
1,-6,25,CQ K1JT FN20,,0
2,-6,25,CQ K1JT FN20,,0
1,-6,26,CQ K1JT FN20,,0
2,-6,26,CQ K1JT FN20,,0
1,-6,27,CQ K1JT FN20,,0
2,-6,27,CQ K1JT FN20,,0
1,-6,28,CQ K1JT FN20,,0
2,-6,28,CQ K1JT FN20,,0
1,-6,29,CQ K1JT FN20,,0
2,-6,29,CQ K1JT FN20,,0
1,-5,0,CQ K1JT FN20,,0
2,-5,0,CQ K1JT FN20,,0
1,-5,1,CQ K1JT FN20,,0
2,-5,1,CQ K1JT FN20,,0
1,-5,2,CQ K1JT FN20,,0
2,-5,2,CQ K1JT FN20,,0
1,-5,3,CQ K1JT FN20,,0
2,-5,3,CQ K1JT FN20,,0
1,-5,4,CQ K1JT FN20,,0
2,-5,4,CQ K1JT FN20,,0
1,-5,5,CQ K1JT FN20,,0
2,-5,5,CQ K1JT FN20,,0
1,-5,6,CQ K1JT FN20,,0
2,-5,6,CQ K1JT FN20,,0
1,-5,7,CQ K1JT FN20,,0
2,-5,7,CQ K1JT FN20,,0
1,-5,8,CQ K1JT FN20,,0
2,-5,8,CQ K1JT FN20,,0
1,-5,9,CQ K1JT FN20,,0
2,-5,9,CQ K1JT FN20,,0
1,-5,10,CQ K1JT FN20,,0
2,-5,10,CQ K1JT FN20,,0
1,-5,11,CQ K1JT FN20,,0
2,-5,11,CQ K1JT FN20,,0
1,-5,12,CQ K1JT FN20,,0
2,-5,12,CQ K1JT FN20,,0
1,-5,13,CQ K1JT FN20,,0
2,-5,13,CQ K1JT FN20,,0
1,-5,14,CQ K1JT FN20,,0
2,-5,14,CQ K1JT FN20,,0
1,-5,15,CQ K1JT FN20,,0
2,-5,15,CQ K1JT FN20,,0
1,-5,16,CQ K1JT FN20,,0
2,-5,16,CQ K1JT FN20,,0
1,-5,17,CQ K1JT FN20,,0
2,-5,17,CQ K1JT FN20,,0
1,-5,18,CQ K1JT FN20,,0
2,-5,18,CQ K1JT FN20,,0
1,-5,19,CQ K1JT FN20,,0
2,-5,19,CQ K1JT FN20,,0
1,-5,20,CQ K1JT FN20,,0
2,-5,20,CQ K1JT FN20,,0
1,-5,21,CQ K1JT FN20,,0
2,-5,21,CQ K1JT FN20,,0
1,-5,22,CQ K1JT FN20,,0
2,-5,22,CQ K1JT FN20,,0
1,-5,23,CQ K1JT FN20,,0
2,-5,23,CQ K1JT FN20,,0
1,-5,24,CQ K1JT FN20,,0
2,-5,24,CQ K1JT FN20,,0
1,-5,25,CQ K1JT FN20,,0
2,-5,25,CQ K1JT FN20,,0
1,-5,26,CQ K1JT FN20,,0
2,-5,26,CQ K1JT FN20,,0
1,-5,27,CQ K1JT FN20,,0
2,-5,27,CQ K1JT FN20,,0
1,-5,28,CQ K1JT FN20,,0
2,-5,28,CQ K1JT FN20,,0
1,-5,29,CQ K1JT FN20,,0
2,-5,29,CQ K1JT FN20,,0
1,-4,0,CQ K1JT FN20,,0
2,-4,0,CQ K1JT FN20,,0
1,-4,1,CQ K1JT FN20,,0
2,-4,1,CQ K1JT FN20,,0
1,-4,2,CQ K1JT FN20,,0
2,-4,2,CQ K1JT FN20,,0
1,-4,3,CQ K1JT FN20,,0
2,-4,3,CQ K1JT FN20,,0
1,-4,4,CQ K1JT FN20,,0
2,-4,4,CQ K1JT FN20,,0
1,-4,5,CQ K1JT FN20,,0
2,-4,5,CQ K1JT FN20,,0
1,-4,6,CQ K1JT FN20,,0
2,-4,6,CQ K1JT FN20,,0
1,-4,7,CQ K1JT FN20,,0
2,-4,7,CQ K1JT FN20,,0
1,-4,8,CQ K1JT FN20,,0
2,-4,8,CQ K1JT FN20,,0
1,-4,9,CQ K1JT FN20,,0
2,-4,9,CQ K1JT FN20,,0
1,-4,10,CQ K1JT FN20,,0
2,-4,10,CQ K1JT FN20,,0
1,-4,11,CQ K1JT FN20,,0
2,-4,11,CQ K1JT FN20,,0
1,-4,12,CQ K1JT FN20,,0
2,-4,12,CQ K1JT FN20,,0
1,-4,13,CQ K1JT FN20,,0
2,-4,13,CQ K1JT FN20,,0
1,-4,14,CQ K1JT FN20,,0
2,-4,14,CQ K1JT FN20,,0
1,-4,15,CQ K1JT FN20,,0
2,-4,15,CQ K1JT FN20,,0
1,-4,16,CQ K1JT FN20,,0
2,-4,16,CQ K1JT FN20,,0
1,-4,17,CQ K1JT FN20,,0
2,-4,17,CQ K1JT FN20,,0
1,-4,18,CQ K1JT FN20,,0
2,-4,18,CQ K1JT FN20,,0
1,-4,19,CQ K1JT FN20,,0
2,-4,19,CQ K1JT FN20,,0
1,-4,20,CQ K1JT FN20,,0
2,-4,20,CQ K1JT FN20,,0
1,-4,21,CQ K1JT FN20,,0
2,-4,21,CQ K1JT FN20,,0
1,-4,22,CQ K1JT FN20,,0
2,-4,22,CQ K1JT FN20,,0
1,-4,23,CQ K1JT FN20,,0
2,-4,23,CQ K1JT FN20,,0
1,-4,24,CQ K1JT FN20,,0
2,-4,24,CQ K1JT FN20,,0
1,-4,25,CQ K1JT FN20,,0
2,-4,25,CQ K1JT FN20,,0
1,-4,26,CQ K1JT FN20,,0
2,-4,26,CQ K1JT FN20,,0
1,-4,27,CQ K1JT FN20,,0
2,-4,27,CQ K1JT FN20,,0
1,-4,28,CQ K1JT FN20,,0
2,-4,28,CQ K1JT FN20,,0
1,-4,29,CQ K1JT FN20,,0
2,-4,29,CQ K1JT FN20,,0
1,-3,0,CQ K1JT FN20,,0
2,-3,0,CQ K1JT FN20,,0
1,-3,1,CQ K1JT FN20,,0
2,-3,1,CQ K1JT FN20,,0
1,-3,2,CQ K1JT FN20,,0
2,-3,2,CQ K1JT FN20,,0
1,-3,3,CQ K1JT FN20,,0
2,-3,3,CQ K1JT FN20,,0
1,-3,4,CQ K1JT FN20,,0
2,-3,4,CQ K1JT FN20,,0
1,-3,5,CQ K1JT FN20,,0
2,-3,5,CQ K1JT FN20,,0
1,-3,6,CQ K1JT FN20,,0
2,-3,6,CQ K1JT FN20,,0
1,-3,7,CQ K1JT FN20,,0
2,-3,7,CQ K1JT FN20,,0
1,-3,8,CQ K1JT FN20,,0
2,-3,8,CQ K1JT FN20,,0
1,-3,9,CQ K1JT FN20,,0
2,-3,9,CQ K1JT FN20,,0
1,-3,10,CQ K1JT FN20,,0
2,-3,10,CQ K1JT FN20,,0
1,-3,11,CQ K1JT FN20,,0
2,-3,11,CQ K1JT FN20,,0
1,-3,12,CQ K1JT FN20,,0
2,-3,12,CQ K1JT FN20,,0
1,-3,13,CQ K1JT FN20,,0
2,-3,13,CQ K1JT FN20,,0
1,-3,14,CQ K1JT FN20,,0
2,-3,14,CQ K1JT FN20,,0
1,-3,15,CQ K1JT FN20,,0
2,-3,15,CQ K1JT FN20,,0
1,-3,16,CQ K1JT FN20,,0
2,-3,16,CQ K1JT FN20,,0
1,-3,17,CQ K1JT FN20,,0
2,-3,17,CQ K1JT FN20,,0
1,-3,18,CQ K1JT FN20,,0
2,-3,18,CQ K1JT FN20,,0
1,-3,19,CQ K1JT FN20,,0
2,-3,19,CQ K1JT FN20,,0
1,-3,20,CQ K1JT FN20,,0
2,-3,20,CQ K1JT FN20,,0
1,-3,21,CQ K1JT FN20,,0
2,-3,21,CQ K1JT FN20,,0
1,-3,22,CQ K1JT FN20,,0
2,-3,22,CQ K1JT FN20,,0
1,-3,23,CQ K1JT FN20,,0
2,-3,23,CQ K1JT FN20,,0
1,-3,24,CQ K1JT FN20,,0
2,-3,24,CQ K1JT FN20,,0
1,-3,25,CQ K1JT FN20,,0
2,-3,25,CQ K1JT FN20,,0
1,-3,26,CQ K1JT FN20,,0
2,-3,26,CQ K1JT FN20,,0
1,-3,27,CQ K1JT FN20,,0
2,-3,27,CQ K1JT FN20,,0
1,-3,28,CQ K1JT FN20,,0
2,-3,28,CQ K1JT FN20,,0
1,-3,29,CQ K1JT FN20,,0
2,-3,29,CQ K1JT FN20,,0
1,-2,0,CQ K1JT FN20,,0
2,-2,0,CQ K1JT FN20,,0
1,-2,1,CQ K1JT FN20,,0
2,-2,1,CQ K1JT FN20,,0
1,-2,2,CQ K1JT FN20,,0
2,-2,2,CQ K1JT FN20,,0
1,-2,3,CQ K1JT FN20,,0
2,-2,3,CQ K1JT FN20,,0
1,-2,4,CQ K1JT FN20,,0
2,-2,4,CQ K1JT FN20,,0
1,-2,5,CQ K1JT FN20,,0
2,-2,5,CQ K1JT FN20,,0
1,-2,6,CQ K1JT FN20,,0
2,-2,6,CQ K1JT FN20,,0
1,-2,7,CQ K1JT FN20,,0
2,-2,7,CQ K1JT FN20,,0
1,-2,8,CQ K1JT FN20,,0
2,-2,8,CQ K1JT FN20,,0
1,-2,9,CQ K1JT FN20,,0
2,-2,9,CQ K1JT FN20,,0
1,-2,10,CQ K1JT FN20,,0
2,-2,10,CQ K1JT FN20,,0
1,-2,11,CQ K1JT FN20,,0
2,-2,11,CQ K1JT FN20,,0
1,-2,12,CQ K1JT FN20,,0
2,-2,12,CQ K1JT FN20,,0
1,-2,13,CQ K1JT FN20,,0
2,-2,13,CQ K1JT FN20,,0
1,-2,14,CQ K1JT FN20,,0
2,-2,14,CQ K1JT FN20,,0
1,-2,15,CQ K1JT FN20,,0
2,-2,15,CQ K1JT FN20,,0
1,-2,16,CQ K1JT FN20,,0
2,-2,16,CQ K1JT FN20,,0
1,-2,17,CQ K1JT FN20,,0
2,-2,17,CQ K1JT FN20,,0
1,-2,18,CQ K1JT FN20,,0
2,-2,18,CQ K1JT FN20,,0
1,-2,19,CQ K1JT FN20,,0
2,-2,19,CQ K1JT FN20,,0
1,-2,20,CQ K1JT FN20,,0
2,-2,20,CQ K1JT FN20,,0
1,-2,21,CQ K1JT FN20,,0
2,-2,21,CQ K1JT FN20,,0
1,-2,22,CQ K1JT FN20,,0
2,-2,22,CQ K1JT FN20,,0
1,-2,23,CQ K1JT FN20,,0
2,-2,23,CQ K1JT FN20,,0
1,-2,24,CQ K1JT FN20,,0
2,-2,24,CQ K1JT FN20,,0
1,-2,25,CQ K1JT FN20,,0
2,-2,25,CQ K1JT FN20,,0
1,-2,26,CQ K1JT FN20,,0
2,-2,26,CQ K1JT FN20,,0
1,-2,27,CQ K1JT FN20,,0
2,-2,27,CQ K1JT FN20,,0
1,-2,28,CQ K1JT FN20,,0
2,-2,28,CQ K1JT FN20,,0
1,-2,29,CQ K1JT FN20,,0
2,-2,29,CQ K1JT FN20,,0
1,-1,0,CQ K1JT FN20,,0
2,-1,0,CQ K1JT FN20,,0
1,-1,1,CQ K1JT FN20,,0
2,-1,1,CQ K1JT FN20,,0
1,-1,2,CQ K1JT FN20,,0
2,-1,2,CQ K1JT FN20,,0
1,-1,3,CQ K1JT FN20,,0
2,-1,3,CQ K1JT FN20,,0
1,-1,4,CQ K1JT FN20,,0
2,-1,4,CQ K1JT FN20,,0
1,-1,5,CQ K1JT FN20,,0
2,-1,5,CQ K1JT FN20,,0
1,-1,6,CQ K1JT FN20,,0
2,-1,6,CQ K1JT FN20,,0
1,-1,7,CQ K1JT FN20,,0
2,-1,7,CQ K1JT FN20,,0
1,-1,8,CQ K1JT FN20,,0
2,-1,8,CQ K1JT FN20,,0
1,-1,9,CQ K1JT FN20,,0
2,-1,9,CQ K1JT FN20,,0
1,-1,10,CQ K1JT FN20,,0
2,-1,10,CQ K1JT FN20,,0
1,-1,11,CQ K1JT FN20,,0
2,-1,11,CQ K1JT FN20,,0
1,-1,12,CQ K1JT FN20,,0
2,-1,12,CQ K1JT FN20,,0
1,-1,13,CQ K1JT FN20,,0
2,-1,13,CQ K1JT FN20,,0
1,-1,14,CQ K1JT FN20,,0
2,-1,14,CQ K1JT FN20,,0
1,-1,15,CQ K1JT FN20,,0
2,-1,15,CQ K1JT FN20,,0
1,-1,16,CQ K1JT FN20,,0
2,-1,16,CQ K1JT FN20,,0
1,-1,17,CQ K1JT FN20,,0
2,-1,17,CQ K1JT FN20,,0
1,-1,18,CQ K1JT FN20,,0
2,-1,18,CQ K1JT FN20,,0
1,-1,19,CQ K1JT FN20,,0
2,-1,19,CQ K1JT FN20,,0
1,-1,20,CQ K1JT FN20,,0
2,-1,20,CQ K1JT FN20,,0
1,-1,21,CQ K1JT FN20,,0
2,-1,21,CQ K1JT FN20,,0
1,-1,22,CQ K1JT FN20,,0
2,-1,22,CQ K1JT FN20,,0
1,-1,23,CQ K1JT FN20,,0
2,-1,23,CQ K1JT FN20,,0
1,-1,24,CQ K1JT FN20,,0
2,-1,24,CQ K1JT FN20,,0
1,-1,25,CQ K1JT FN20,,0
2,-1,25,CQ K1JT FN20,,0
1,-1,26,CQ K1JT FN20,,0
2,-1,26,CQ K1JT FN20,,0
1,-1,27,CQ K1JT FN20,,0
2,-1,27,CQ K1JT FN20,,0
1,-1,28,CQ K1JT FN20,,0
2,-1,28,CQ K1JT FN20,,0
1,-1,29,CQ K1JT FN20,,0
2,-1,29,CQ K1JT FN20,,0
1,0,0,CQ K1JT FN20,,0
2,0,0,CQ K1JT FN20,,0
1,0,1,CQ K1JT FN20,,0
2,0,1,CQ K1JT FN20,,0
1,0,2,CQ K1JT FN20,,0
2,0,2,CQ K1JT FN20,,0
1,0,3,CQ K1JT FN20,,0
2,0,3,CQ K1JT FN20,,0
1,0,4,CQ K1JT FN20,,0
2,0,4,CQ K1JT FN20,,0
1,0,5,CQ K1JT FN20,,0
2,0,5,CQ K1JT FN20,,0
1,0,6,CQ K1JT FN20,,0
2,0,6,CQ K1JT FN20,,0
1,0,7,CQ K1JT FN20,,0
2,0,7,CQ K1JT FN20,,0
1,0,8,CQ K1JT FN20,,0
2,0,8,CQ K1JT FN20,,0
1,0,9,CQ K1JT FN20,,0
2,0,9,CQ K1JT FN20,,0
1,0,10,CQ K1JT FN20,,0
2,0,10,CQ K1JT FN20,,0
1,0,11,CQ K1JT FN20,,0
2,0,11,CQ K1JT FN20,,0
1,0,12,CQ K1JT FN20,,0
2,0,12,CQ K1JT FN20,,0
1,0,13,CQ K1JT FN20,,0
2,0,13,CQ K1JT FN20,,0
1,0,14,CQ K1JT FN20,,0
2,0,14,CQ K1JT FN20,,0
1,0,15,CQ K1JT FN20,,0
2,0,15,CQ K1JT FN20,,0
1,0,16,CQ K1JT FN20,,0
2,0,16,CQ K1JT FN20,,0
1,0,17,CQ K1JT FN20,,0
2,0,17,CQ K1JT FN20,,0
1,0,18,CQ K1JT FN20,,0
2,0,18,CQ K1JT FN20,,0
1,0,19,CQ K1JT FN20,,0
2,0,19,CQ K1JT FN20,,0
1,0,20,CQ K1JT FN20,,0
2,0,20,CQ K1JT FN20,,0
1,0,21,CQ K1JT FN20,,0
2,0,21,CQ K1JT FN20,,0
1,0,22,CQ K1JT FN20,,0
2,0,22,CQ K1JT FN20,,0
1,0,23,CQ K1JT FN20,,0
2,0,23,CQ K1JT FN20,,0
1,0,24,CQ K1JT FN20,,0
2,0,24,CQ K1JT FN20,,0
1,0,25,CQ K1JT FN20,,0
2,0,25,CQ K1JT FN20,,0
1,0,26,CQ K1JT FN20,,0
2,0,26,CQ K1JT FN20,,0
1,0,27,CQ K1JT FN20,,0
2,0,27,CQ K1JT FN20,,0
1,0,28,CQ K1JT FN20,,0
2,0,28,CQ K1JT FN20,,0
1,0,29,CQ K1JT FN20,,0
2,0,29,CQ K1JT FN20,,0
1,1,0,CQ K1JT FN20,,0
2,1,0,CQ K1JT FN20,,0
1,1,1,CQ K1JT FN20,,0
2,1,1,CQ K1JT FN20,,0
1,1,2,CQ K1JT FN20,,0
2,1,2,CQ K1JT FN20,,0
1,1,3,CQ K1JT FN20,CQ K1JT FN20,1
2,1,3,CQ K1JT FN20,CQ K1JT FN20,1
1,1,4,CQ K1JT FN20,,0
2,1,4,CQ K1JT FN20,,0
1,1,5,CQ K1JT FN20,,0
2,1,5,CQ K1JT FN20,,0
1,1,6,CQ K1JT FN20,,0
2,1,6,CQ K1JT FN20,,0
1,1,7,CQ K1JT FN20,,0
2,1,7,CQ K1JT FN20,,0
1,1,8,CQ K1JT FN20,,0
2,1,8,CQ K1JT FN20,,0
1,1,9,CQ K1JT FN20,,0
2,1,9,CQ K1JT FN20,,0
1,1,10,CQ K1JT FN20,,0
2,1,10,CQ K1JT FN20,,0
1,1,11,CQ K1JT FN20,,0
2,1,11,CQ K1JT FN20,,0
1,1,12,CQ K1JT FN20,,0
2,1,12,CQ K1JT FN20,,0
1,1,13,CQ K1JT FN20,,0
2,1,13,CQ K1JT FN20,,0
1,1,14,CQ K1JT FN20,,0
2,1,14,CQ K1JT FN20,,0
1,1,15,CQ K1JT FN20,CQ K1JT FN20,1
2,1,15,CQ K1JT FN20,CQ K1JT FN20,1
1,1,16,CQ K1JT FN20,,0
2,1,16,CQ K1JT FN20,,0
1,1,17,CQ K1JT FN20,,0
2,1,17,CQ K1JT FN20,,0
1,1,18,CQ K1JT FN20,,0
2,1,18,CQ K1JT FN20,,0
1,1,19,CQ K1JT FN20,,0
2,1,19,CQ K1JT FN20,,0
1,1,20,CQ K1JT FN20,,0
2,1,20,CQ K1JT FN20,,0
1,1,21,CQ K1JT FN20,,0
2,1,21,CQ K1JT FN20,,0
1,1,22,CQ K1JT FN20,,0
2,1,22,CQ K1JT FN20,,0
1,1,23,CQ K1JT FN20,,0
2,1,23,CQ K1JT FN20,,0
1,1,24,CQ K1JT FN20,,0
2,1,24,CQ K1JT FN20,,0
1,1,25,CQ K1JT FN20,,0
2,1,25,CQ K1JT FN20,,0
1,1,26,CQ K1JT FN20,,0
2,1,26,CQ K1JT FN20,,0
1,1,27,CQ K1JT FN20,,0
2,1,27,CQ K1JT FN20,,0
1,1,28,CQ K1JT FN20,,0
2,1,28,CQ K1JT FN20,,0
1,1,29,CQ K1JT FN20,,0
2,1,29,CQ K1JT FN20,,0
1,2,0,CQ K1JT FN20,CQ K1JT FN20,1
2,2,0,CQ K1JT FN20,CQ K1JT FN20,1
1,2,1,CQ K1JT FN20,CQ K1JT FN20,1
2,2,1,CQ K1JT FN20,CQ K1JT FN20,1
1,2,2,CQ K1JT FN20,,0
2,2,2,CQ K1JT FN20,,0
1,2,3,CQ K1JT FN20,CQ K1JT FN20,1
2,2,3,CQ K1JT FN20,CQ K1JT FN20,1
1,2,4,CQ K1JT FN20,,0
2,2,4,CQ K1JT FN20,,0
1,2,5,CQ K1JT FN20,,0
2,2,5,CQ K1JT FN20,,0
1,2,6,CQ K1JT FN20,,0
2,2,6,CQ K1JT FN20,,0
1,2,7,CQ K1JT FN20,,0
2,2,7,CQ K1JT FN20,,0
1,2,8,CQ K1JT FN20,CQ K1JT FN20,1
2,2,8,CQ K1JT FN20,CQ K1JT FN20,1
1,2,9,CQ K1JT FN20,CQ K1JT FN20,1
2,2,9,CQ K1JT FN20,CQ K1JT FN20,1
1,2,10,CQ K1JT FN20,CQ K1JT FN20,1
2,2,10,CQ K1JT FN20,CQ K1JT FN20,1
1,2,11,CQ K1JT FN20,CQ K1JT FN20,1
2,2,11,CQ K1JT FN20,CQ K1JT FN20,1
1,2,12,CQ K1JT FN20,,0
2,2,12,CQ K1JT FN20,,0
1,2,13,CQ K1JT FN20,,0
2,2,13,CQ K1JT FN20,,0
1,2,14,CQ K1JT FN20,CQ K1JT FN20,1
2,2,14,CQ K1JT FN20,CQ K1JT FN20,1
1,2,15,CQ K1JT FN20,,0
2,2,15,CQ K1JT FN20,,0
1,2,16,CQ K1JT FN20,,0
2,2,16,CQ K1JT FN20,,0
1,2,17,CQ K1JT FN20,,0
2,2,17,CQ K1JT FN20,,0
1,2,18,CQ K1JT FN20,,0
2,2,18,CQ K1JT FN20,,0
1,2,19,CQ K1JT FN20,,0
2,2,19,CQ K1JT FN20,,0
1,2,20,CQ K1JT FN20,CQ K1JT FN20,1
2,2,20,CQ K1JT FN20,CQ K1JT FN20,1
1,2,21,CQ K1JT FN20,,0
2,2,21,CQ K1JT FN20,,0
1,2,22,CQ K1JT FN20,CQ K1JT FN20,1
2,2,22,CQ K1JT FN20,CQ K1JT FN20,1
1,2,23,CQ K1JT FN20,CQ K1JT FN20,1
2,2,23,CQ K1JT FN20,CQ K1JT FN20,1
1,2,24,CQ K1JT FN20,,0
2,2,24,CQ K1JT FN20,,0
1,2,25,CQ K1JT FN20,,0
2,2,25,CQ K1JT FN20,,0
1,2,26,CQ K1JT FN20,,0
2,2,26,CQ K1JT FN20,,0
1,2,27,CQ K1JT FN20,,0
2,2,27,CQ K1JT FN20,,0
1,2,28,CQ K1JT FN20,,0
2,2,28,CQ K1JT FN20,,0
1,2,29,CQ K1JT FN20,CQ K1JT FN20,1
2,2,29,CQ K1JT FN20,CQ K1JT FN20,1
1,3,0,CQ K1JT FN20,CQ K1JT FN20,1
2,3,0,CQ K1JT FN20,CQ K1JT FN20,1
1,3,1,CQ K1JT FN20,,0
2,3,1,CQ K1JT FN20,,0
1,3,2,CQ K1JT FN20,,0
2,3,2,CQ K1JT FN20,,0
1,3,3,CQ K1JT FN20,CQ K1JT FN20,1
2,3,3,CQ K1JT FN20,CQ K1JT FN20,1
1,3,4,CQ K1JT FN20,CQ K1JT FN20,1
2,3,4,CQ K1JT FN20,CQ K1JT FN20,1
1,3,5,CQ K1JT FN20,CQ K1JT FN20,1
2,3,5,CQ K1JT FN20,CQ K1JT FN20,1
1,3,6,CQ K1JT FN20,CQ K1JT FN20,1
2,3,6,CQ K1JT FN20,CQ K1JT FN20,1
1,3,7,CQ K1JT FN20,CQ K1JT FN20,1
2,3,7,CQ K1JT FN20,CQ K1JT FN20,1
1,3,8,CQ K1JT FN20,CQ K1JT FN20,1
2,3,8,CQ K1JT FN20,CQ K1JT FN20,1
1,3,9,CQ K1JT FN20,CQ K1JT FN20,1
2,3,9,CQ K1JT FN20,CQ K1JT FN20,1
1,3,10,CQ K1JT FN20,CQ K1JT FN20,1
2,3,10,CQ K1JT FN20,CQ K1JT FN20,1
1,3,11,CQ K1JT FN20,CQ K1JT FN20,1
2,3,11,CQ K1JT FN20,CQ K1JT FN20,1
1,3,12,CQ K1JT FN20,CQ K1JT FN20,1
2,3,12,CQ K1JT FN20,CQ K1JT FN20,1
1,3,13,CQ K1JT FN20,CQ K1JT FN20,1
2,3,13,CQ K1JT FN20,CQ K1JT FN20,1
1,3,14,CQ K1JT FN20,CQ K1JT FN20,1
2,3,14,CQ K1JT FN20,CQ K1JT FN20,1
1,3,15,CQ K1JT FN20,CQ K1JT FN20,1
2,3,15,CQ K1JT FN20,CQ K1JT FN20,1
1,3,16,CQ K1JT FN20,CQ K1JT FN20,1
2,3,16,CQ K1JT FN20,CQ K1JT FN20,1
1,3,17,CQ K1JT FN20,CQ K1JT FN20,1
2,3,17,CQ K1JT FN20,CQ K1JT FN20,1
1,3,18,CQ K1JT FN20,CQ K1JT FN20,1
2,3,18,CQ K1JT FN20,CQ K1JT FN20,1
1,3,19,CQ K1JT FN20,CQ K1JT FN20,1
2,3,19,CQ K1JT FN20,CQ K1JT FN20,1
1,3,20,CQ K1JT FN20,CQ K1JT FN20,1
2,3,20,CQ K1JT FN20,CQ K1JT FN20,1
1,3,21,CQ K1JT FN20,CQ K1JT FN20,1
2,3,21,CQ K1JT FN20,CQ K1JT FN20,1
1,3,22,CQ K1JT FN20,CQ K1JT FN20,1
2,3,22,CQ K1JT FN20,CQ K1JT FN20,1
1,3,23,CQ K1JT FN20,CQ K1JT FN20,1
2,3,23,CQ K1JT FN20,CQ K1JT FN20,1
1,3,24,CQ K1JT FN20,CQ K1JT FN20,1
2,3,24,CQ K1JT FN20,CQ K1JT FN20,1
1,3,25,CQ K1JT FN20,CQ K1JT FN20,1
2,3,25,CQ K1JT FN20,CQ K1JT FN20,1
1,3,26,CQ K1JT FN20,CQ K1JT FN20,1
2,3,26,CQ K1JT FN20,CQ K1JT FN20,1
1,3,27,CQ K1JT FN20,CQ K1JT FN20,1
2,3,27,CQ K1JT FN20,CQ K1JT FN20,1
1,3,28,CQ K1JT FN20,CQ K1JT FN20,1
2,3,28,CQ K1JT FN20,CQ K1JT FN20,1
1,3,29,CQ K1JT FN20,CQ K1JT FN20,1
2,3,29,CQ K1JT FN20,CQ K1JT FN20,1
